#controlledVocabulary	DatasetField	Value	identifier	displayOrder
	subject	Information Science - Library	D13	15

## Áreas de Pesquisa do IPEN
- Energia
- Industria
- Meio Ambiente
- Nuclear
- Saúde

## Centrots
- CEBIO - Centro de Biotecnologia e Recursos Naturais
- CECCO - Centro de Células a Combustível e Hidrogênio
- CECON - Centro de Combustíveis Nucleares
- CECRF - Centro de Engenharia e Ciências dos Materiais
- CECTM - Centro de Engenharia e Ciências dos Materiais
- CEENG - Centro de Engenharia e Ciências dos Materiais
- CELAP - Centro de Lasers e Aplicações
- CEQMA - Centro de Química e Meio Ambiente
- CERPQ - Centro de Radiações e Pesquisas Químicas
- CETER - Centro de Tecnologia das Radiações
- SEGMR - Serviço de Metrologia das Radiações
- CEPAR - Centro de Pesquisa e Aplicação em Radioproteção

# Atividades de Pesquisa e Desenvolvimento do IPEN
CEBIO - Biotério - 830
CEBIO - Desenvolvimento de medicamentos biológicos e testes pré-clínicos - 810
CECCO - Células a Combustível e Hidrogênio - 610
CECON - Combustíveis para Reatores Nucleares de Pesquisa - 410
CECRF - Pesquisa e desenvolvimento e inovação em radiofármacos - 110
CECRF - Produção e controle de qualidade de radiofármacos - 120
CECRF - Requisitos regulamentares aplicados na Radiofarmácia - 130
CECTM - Caracterização Física e Química de Materiais - 711
CECTM - Materiais Cerâmicos - 720
CECTM - Materiais Metálicos - 730
CEENG - Engenharia de Reatores e Sistemas Energéticos - 420
CELAP - Aplicações de Lasers - 920
CELAP - Caracterização Física, Química e Isotópica - 710
CELAP - Desenvolvimento de Lasers - 910
CELAP - Lasers de Altíssima Intensidade - 930
CEQMA - Materiais Poliméricos - 740
CEQMA - Nanomateriais - 750
CEQMA - Qualificação Química de Material Nuclear - 511
CEQMA - Química ambiental - 510
CEQMA - Tecnologias Limpas - 520
CERPq - Análise por ativação com nêutrons - 320
CERPq - Física nuclear experimental e da matéria condensada - 310
CERPq - Operação e utilização de Reatores de Pesquisa - 430
CETER - Aplicações das Radiações e dos Radioisótopos na Indústria e no Meio Ambiente - 220
CETER - Fontes Radioativas e Aplicações das Radiações na Saúde - 230
CETER - Instalações e Equipamentos para Aplicações de Técnicas Nucleares - 240
CETER - Radiações Ionizantes em Alimentos e Produtos Agrícolas - 210
COPDE - Informação e Documentação Científicas - 1251
COPLG - Licenciamento Ambiental - 1220
SEGMR - Metrologia das Radiações Ionizantes - 330
SEGMR - Radiometria Ambiental - 340
SEGRR - Rejeitos Radioativos - 1120
SERAP - Radioproteção - 1110