{
    "id": 202620,
    "identifier": "IKTW7M",
    "persistentUrl": "https://doi.org/10.17632/txt3rjj9dk.2",
    "protocol": "doi",
    "authority": "10.17632",
    "publisher": "Arca Dados",
    "publicationDate": "2024-12-01",
    "storageIdentifier": "file://10.17632/txt3rjj9dk.2",
    "latestVersion": {
        "id": 2581,
        "datasetId": 202620,
        "datasetPersistentId": "doi:10.17632/txt3rjj9dk.2",
        "storageIdentifier": "file://10.17632/txt3rjj9dk.2",
        "versionNumber": 1,
        "versionMinorNumber": 0,
        "versionState": "RELEASED",
        "UNF": "UNF:6:oZOHZDa4Rx5dCVvczAUBIQ==",
        "lastUpdateTime": "2024-12-01T16:09:45Z",
        "releaseTime": "2024-12-01T16:09:45Z",
        "createTime": "2024-11-04T16:52:17Z",
        "publicationDate": "2024-12-01",
        "citationDate": "2024-12-01",
        "license": {
            "name": "CC BY-NC 4.0",
            "uri": "http://creativecommons.org/licenses/by-nc/4.0",
            "iconUri": "https://licensebuttons.net/l/by-nc/4.0/88x31.png"
        },
        "fileAccessRequest": true,
        "metadataBlocks": {
            "citation": {
                "displayName": "Citation Metadata",
                "name": "citation",
                "fields": [
                    {
                        "typeName": "title",
                        "multiple": false,
                        "typeClass": "primitive",
                        "value": "Dados repatriados #2"
                    },
                    {
                        "typeName": "author",
                        "multiple": true,
                        "typeClass": "compound",
                        "value": [
                            {
                                "authorName": {
                                    "typeName": "authorName",
                                    "multiple": false,
                                    "typeClass": "primitive",
                                    "value": "Casaes, Ane Caroline"
                                },
                                "authorAffiliation": {
                                    "typeName": "authorAffiliation",
                                    "multiple": false,
                                    "typeClass": "primitive",
                                    "value": "IPEN"
                                }
                            }
                        ]
                    },
                    {
                        "typeName": "datasetContact",
                        "multiple": true,
                        "typeClass": "compound",
                        "value": [
                            {
                                "datasetContactName": {
                                    "typeName": "datasetContactName",
                                    "multiple": false,
                                    "typeClass": "primitive",
                                    "value": "Casaes, Ane Caroline"
                                },
                                "datasetContactAffiliation": {
                                    "typeName": "datasetContactAffiliation",
                                    "multiple": false,
                                    "typeClass": "primitive",
                                    "value": "IPEN"
                                },
                                "datasetContactEmail": {
                                    "typeName": "datasetContactEmail",
                                    "multiple": false,
                                    "typeClass": "primitive",
                                    "value": "ane.casaes@ipen.br"
                                }
                            },
                            {
                                "datasetContactName": {
                                    "typeName": "datasetContactName",
                                    "multiple": false,
                                    "typeClass": "primitive",
                                    "value": "Riccio, Ricardo"
                                },
                                "datasetContactAffiliation": {
                                    "typeName": "datasetContactAffiliation",
                                    "multiple": false,
                                    "typeClass": "primitive",
                                    "value": "IPEN"
                                },
                                "datasetContactEmail": {
                                    "typeName": "datasetContactEmail",
                                    "multiple": false,
                                    "typeClass": "primitive",
                                    "value": "ricardo.riccio@ipen.br"
                                }
                            }
                        ]
                    },
                    {
                        "typeName": "dsDescription",
                        "multiple": true,
                        "typeClass": "compound",
                        "value": [
                            {
                                "dsDescriptionValue": {
                                    "typeName": "dsDescriptionValue",
                                    "multiple": false,
                                    "typeClass": "primitive",
                                    "value": "Descrição"
                                },
                                "dsDescriptionDate": {
                                    "typeName": "dsDescriptionDate",
                                    "multiple": false,
                                    "typeClass": "primitive",
                                    "value": "2024-11-04"
                                }
                            }
                        ]
                    },
                    {
                        "typeName": "subject",
                        "multiple": true,
                        "typeClass": "controlledVocabulary",
                        "value": [
                            "Medicine, Health and Life Sciences",
                            "Social Sciences"
                        ]
                    },
                    {
                        "typeName": "keyword",
                        "multiple": true,
                        "typeClass": "compound",
                        "value": [
                            {
                                "keywordValue": {
                                    "typeName": "keywordValue",
                                    "multiple": false,
                                    "typeClass": "primitive",
                                    "value": "Qualidade de Vida"
                                },
                                "keywordVocabulary": {
                                    "typeName": "keywordVocabulary",
                                    "multiple": false,
                                    "typeClass": "primitive",
                                    "value": "DeCS/MeSH"
                                },
                                "keywordVocabularyURI": {
                                    "typeName": "keywordVocabularyURI",
                                    "multiple": false,
                                    "typeClass": "primitive",
                                    "value": "https://decs.bvsalud.org/ths/resource/?id=12225&filter=ths_termall&q=Qualidade%20de%20vida"
                                }
                            }
                        ]
                    },
                    {
                        "typeName": "depositor",
                        "multiple": false,
                        "typeClass": "primitive",
                        "value": "Casaes, Ane Caroline"
                    },
                    {
                        "typeName": "dateOfDeposit",
                        "multiple": false,
                        "typeClass": "primitive",
                        "value": "2024-11-04"
                    }
                ]
            },
            "submit_terms": {
                "displayName": "submit_terms",
                "name": "submit_terms",
                "fields": [
                    {
                        "typeName": "term_accept",
                        "multiple": false,
                        "typeClass": "controlledVocabulary",
                        "value": "YES"
                    }
                ]
            }
        },
        "files": [{
                "description": "Banco de dados relativo a pesquisa sobre Qualidade de vida e estado nutricional de pessoas infectadas por Schistosoma mansoni em áreas rurais e urbanas em duas cidades do estado da Bahia-Brasil.",
                "label": "Banco de dados.tab",
                "restricted": true,
                "version": 27,
                "datasetVersionId": 2581,
                "categories": [
                    "Bahia",
                    "Brasil",
                    "Data",
                    "Esquistossomose",
                    "Obesidade",
                    "População rural",
                    "População urbana",
                    "Qualidade de vida",
                    "Áreas endêmicas"
                ],
                "dataFile": {
                    "id": 202621,
                    "persistentId": "",
                    "filename": "Banco de dados.tab",
                    "contentType": "text/tab-separated-values",
                    "friendlyType": "Tab-Delimited",
                    "filesize": 90706,
                    "description": "Banco de dados relativo a pesquisa sobre Qualidade de vida e estado nutricional de pessoas infectadas por Schistosoma mansoni em áreas rurais e urbanas em duas cidades do estado da Bahia-Brasil.",
                    "categories": [
                        "Bahia",
                        "Brasil",
                        "Data",
                        "Esquistossomose",
                        "Obesidade",
                        "População rural",
                        "População urbana",
                        "Qualidade de vida",
                        "Áreas endêmicas"
                    ],
                    "storageIdentifier": "file://192f856bdd8-89b7a86a7fa5",
                    "originalFileFormat": "application/vnd.openxmlformats-officedocument.spreadsheetml.sheet",
                    "originalFormatLabel": "MS Excel Spreadsheet",
                    "originalFileSize": 115791,
                    "originalFileName": "Banco de dados.xlsx",
                    "UNF": "UNF:6:oZOHZDa4Rx5dCVvczAUBIQ==",
                    "rootDataFileId": -1,
                    "md5": "57bbf2e3bda94d02d91281a17ab3187b",
                    "checksum": {
                        "type": "MD5",
                        "value": "57bbf2e3bda94d02d91281a17ab3187b"
                    },
                    "tabularData": true,
                    "creationDate": "2024-11-04",
                    "publicationDate": "2024-12-01",
                    "fileAccessRequest": true
                }
            }]
    }
}